,contributor_name,counts
0,fchollet,2228
1,timmattison,1645
2,IanMeyers,1231
3,frankfliu,999
4,igorborgest,775
5,dependabot-preview[bot],751
6,jamesiri,698
7,justinboswell,592
8,JonathanHenson,580
9,dwmw2,563
10,mtdowling,561
11,colmmacc,522
12,dustin,514
13,sapessi,490
14,PaulMaddox,479
15,jedisct1,476
16,raycoll,429
17,jaymccon,398
18,jflasher,385
19,alexw91,380
20,jedsundwall,376
21,jpeddicord,369
22,chamcca,361
23,fhieber,337
24,eladb,331
25,hyandell,324
26,lanking520,322
27,djarpin,314
28,stilvoid,303
29,graebm,299
30,JordonPhillips,289
31,schmutze,289
32,troylar,283
33,stu1130,266
34,JimTharioAmazon,262
35,matteofigus,261
36,vdantu,258
37,jpignata,250
38,jongogogo,246
39,eamonnfaherty,244
40,wizage,241
41,xavierraffin,240
42,chehefen,238
43,HieronymusLex,237
44,zachgk,230
45,pfifer,228
46,ColdenCullen,228
47,Trial-In-Error,227
48,MushMal,224
49,natbesh,223
50,ahwestrich,222
51,jldodds,218
52,rahul003,217
53,aspino,214
54,setheliot,211
55,bretambrose,209
56,farizrahman4u,201
57,amazon-meaisiah,200
58,sriram-mv,199
59,brettstack,198
60,samuelkarp,195
61,baldwinmatt,194
62,rabowskyb,193
63,jfuss,193
64,jonomon,188
65,dschoepe,184
66,sanathkr,167
67,iliana,167
68,jasdel,162
69,Drudenhaus,162
70,dependabot[bot],158
71,jamesls,155
72,kstich,154
73,clareliguori,149
74,danielsn,138
75,rohandubal,137
76,roywei,135
77,irlrobot,133
78,iansrobinson,132
79,taehoonlee,132
80,jeskew,128
81,keetonian,126
82,heitorlessa,126
83,andrewhop,124
84,mufeili,121
85,Stvad,120
86,vrakesh,120
87,adedotua,119
88,alexeblee,118
89,palpatim,117
90,jaheba,115
91,zz85,114
92,Innixma,113
93,awood45,112
94,manueliglesias,112
95,chadneal,110
96,tdomhan,108
97,skmcgrail,108
98,ozabluda,107
99,Sean-Der,107
100,ericfe,106
101,ranshn,105
102,jlhood,104
103,lostella,104
104,marcomagdy,104
105,vbudilov,104
106,pesama,103
107,aaronmarkham,101
108,mattsb42-aws,100
109,aksnzhy,96
110,cbalioglu,96
111,amazon-auto,92
112,ingenthr,92
113,seanmcl,92
114,buffovich,92
115,ruecarlo,92
116,keerthanvasist,91
117,shsenior,90
118,axptwig,90
119,tlindsay42,90
120,jaredcnance,89
121,disa6302,88
122,MynockSpit,88
123,awsjason,87
124,daschl,87
125,ArenBabikian,86
126,xonatius,85
127,minbi,85
128,NihalHarish,85
129,HenrikJaySmith,84
130,feliperodri,83
131,piyushghai,83
132,desokroshan,82
133,EddieGoynesAmazon,82
134,ankkhedia,80
135,brettf,79
136,matt-tunny,79
137,yuruofeifei,78
138,achudnov,77
139,rickychau2780,77
140,riywo,77
141,lrstewart,76
142,rday,76
143,LRomandine,76
144,nikhil-dabhade,75
145,zflamig,75
146,bundyfx,75
147,mvsusp,75
148,RandyGaul,74
149,michaelborchert,74
150,jerwallace,74
151,MixMasterMitch,73
152,srchase,73
153,avirtuos,72
154,chankh,71
155,karkhaz,71
156,chueatwork,69
157,leoherran-aws,68
158,robin-aws,66
159,rsaksida,66
160,kennethsamk,66
161,koiker,66
162,maxpumperla,66
163,jospas,65
164,deanah,65
165,ThomasDelteil,65
166,schirag1993,65
167,EderSantana,65
168,mrcoronel,64
169,gregbdunn,64
170,tdhd,63
171,anshrma,63
172,phreeza,62
173,john,61
174,nacho,60
175,j13d,60
176,ttjsu-aws,60
177,Jmcfar,60
178,smp,59
179,ianwow,59
180,gabrieldemarmiesse,59
181,jarednielsen,59
182,shapirov103,58
183,zach-data,57
184,ShreyaGangishetty,57
185,simukappu,57
186,sahilpalvia,56
187,vishaalkapoor,56
188,TingDaoK,56
189,honglu,55
190,webern,55
191,atomb,54
192,semantic-release-bot,54
193,wxs,53
194,aspcompiler,53
195,pahud,53
196,ahawker,53
197,zhanghang1989,52
198,skotambkar,51
199,jahkeup,50
200,ivallhon,50
201,fatrat1117,49
202,bbutch,49
203,leleamol,49
204,ehsanmok,49
205,kvasukib,49
206,wleepang,48
207,isenbs,48
208,RomainMuller,48
209,nimacks,47
210,beebs-systap,47
211,galmeida,47
212,karthiksambandam,47
213,praneetap,46
214,Vikas-kum,46
215,nswamy,46
216,biagic,45
217,PettitWesley,44
218,vrkhare,43
219,gurumurthys,43
220,georgebearden,43
221,normj,43
222,lherman-cs,43
223,5u5hma,43
224,kristopk,42
225,ddavydenko,42
226,vsomayaji,42
227,singergs,41
228,campionfellin,41
229,terma,41
230,mjpost,41
231,saurabh3949,41
232,RodneyLester,41
233,morjoan,41
234,brandold,40
235,euank,40
236,arunkumarthiags,40
237,aalexandrov,40
238,unicornss,40
239,goformation,40
240,alexchirayath,39
241,horsfieldsa,39
242,smohiuddin,39
243,AllanFly120,39
244,dougch,38
245,vandanavk,38
246,micahhausler,38
247,lawmicha,37
248,dholmer,37
249,bpdavidson,37
250,the-moliver,37
251,trevorrowe,37
252,sscdotopen,36
253,mjdenkowski,35
254,ryanholland,35
255,lupesko,35
256,cswiercz,35
257,nzw0301,35
258,sojiadeshina,35
259,aaronkhoo,35
260,ChoiByungWook,35
261,kniec,35
262,donnemartin,35
263,john-aws,35
264,zmrow,35
265,rstrahan,34
266,rwespetal,34
267,Jeffwan,34
268,cgulliver,34
269,baekkyok,34
270,Dref360,34
271,lavaleri,34
272,seangreathouse,33
273,ssamed,33
274,christopherhein,33
275,MadVikingGod,33
276,rts-rob,33
277,jwmueller,32
278,ntc2,32
279,c2tarun,32
280,matsuyamax,32
281,eidelmanjonathan,32
282,othonrsanchez,32
283,jsl-amazon,31
284,kwwaikar,31
285,joguSD,31
286,bdonlan,30
287,barnesrobert,30
288,mcrozes,30
289,cgraywang,30
290,elliotyam,30
291,vafl,30
292,ThomasXilinx,30
293,pprahlad,30
294,blair,30
295,ndrest-amzn,29
296,etanol,29
297,NLMalloy,29
298,c1tadel,29
299,ragavvenkatesan,28
300,Cory-Bradshaw,28
301,reminisce,28
302,jt0,28
303,kevinthesun,28
304,laurenyu,28
305,cheefoo,28
306,edwardjkim,27
307,vmunugal,27
308,rccarper,27
309,rafihm,27
310,marozzin,27
311,cbommas,27
312,sbkok,27
313,sandeep-krishnamurthy,27
314,a-tan,27
315,tawdry-audrey,27
316,ferdingler,26
317,trivikr,26
318,singku-china,26
319,jmikko,26
320,rbboimer,26
321,jfsantos,26
322,softprops,26
323,paoptu023,26
324,elorzafe,26
325,frankmuellr,25
326,cakepietoast,25
327,TammoR,25
328,alcousins,25
329,aurghob33,25
330,ahundt,24
331,QuChen88,24
332,david-koenig,24
333,myutwo150,24
334,AshwinRaghuraman,24
335,andreistefanescu,24
336,tomnight,24
337,Joaquin6,24
338,YashoSharma,23
339,jeffscottlevine,23
340,rajachan,23
341,katallaxie,23
342,SepehrCloud,23
343,ychunxue,23
344,classicsong,23
345,resios,23
346,yuta-imai,23
347,j6mes,23
348,jzila,23
349,bryanyang0528,22
350,davvil,22
351,AaronSpieler,22
352,grahamjenson,22
353,luigift,22
354,ketanbhut,22
355,oleksandr-zubenko,22
356,ghoshtapo,21
357,pschmied,21
358,AnanthatAWS,21
359,yanboliang,21
360,xzhou33,21
361,nathanpeck,21
362,yuanzhua,21
363,jesterhazy,21
364,kaustubhsardar,21
365,zheng-da,21
366,veloduff,21
367,atennak1,21
368,emanuelem,21
369,adhorn,20
370,djwhatle,20
371,mperi,20
372,tabern,20
373,saumehta9,20
374,aws-kens,20
375,timbray,20
376,razmikmelikbekyan,20
377,jgasthaus,20
378,mattcorey,20
379,maggiecopyAWS,20
380,jaredwarren-aws,19
381,benidis,19
382,melty-chocolate,19
383,stevemorad,19
384,talnikov,19
385,indhub,19
386,zhuker,19
387,vche,19
388,nanalakshmanan,19
389,brightsparc,19
390,crisidev,19
391,aassadza,19
392,wdane,19
393,MatthewBennington,19
394,chaochenq,19
395,adam-aws,19
396,jackrk,19
397,carvantes,19
398,malpani,19
399,MacInnis,19
400,nadiaya,19
401,aburkleaux-amazon,18
402,kevincdeng,18
403,kalyc,18
404,anand99,18
405,raymolin,18
406,belltimo,18
407,M00nF1sh,17
408,kkrynitski,17
409,behrooziAWS,17
410,pvbouwel,17
411,maddeleine,17
412,tleeuwenburg,17
413,wzamazon,17
414,schmittthomas,17
415,gvtulder,17
416,suryanarayanan,17
417,homingli,17
418,staticskies,17
419,Kartik09,17
420,samir-souza,17
421,vzpgb,17
422,ericpullen,16
423,tboquet,16
424,artemsok,16
425,tomfaulhaber,16
426,viclzhu,16
427,danieledwardknudsen,16
428,ctd,16
429,winstonaws,16
430,5cp,16
431,ByronPogson,16
432,mdernsta,16
433,karthiksaligrama,16
434,rix0rrr,16
435,angelhof,16
436,andreaolgiati,16
437,ovalba,16
438,andremoeller,16
439,prathik-naidu,16
440,IvyBazan,16
441,MasonSchneider,16
442,gregjinkim,16
443,slashrun,15
444,ShrikantDavange,15
445,NRauschmayr,15
446,kangks,15
447,carlthome,15
448,MarkAtwood,15
449,olegsinyavskiy,15
450,kyleknap,15
451,joshua-kim,15
452,sayantacC,15
453,leavertj,15
454,ericfitz,15
455,brentnash,15
456,aksrajvanshi,15
457,joshua-at-aws,15
458,rjlohan,15
459,lukedeo,15
460,iliapolo,15
461,rniksch,15
462,mww-aws,15
463,kneekey23,15
464,jamesonwilliams,15
465,alexwong,14
466,ChristofferJones,14
467,jack1902,14
468,oonemo,14
469,rsavordelli,14
470,lakshya97,14
471,hsehweil,14
472,awsmasudur,14
473,nburek,14
474,undefobj,14
475,alex-chew,14
476,53ningen,14
477,fuzzythecat,14
478,jimcooley,14
479,joaoasrosa,14
480,michaelwittig,14
481,jogep,14
482,tstachlewski,14
483,anirudhacharya,14
484,martinschaef,14
485,abhaikollara,14
486,marcosortiz,14
487,mmendonca3,14
488,e-koma,14
489,dswamina,14
490,jchua06,13
491,bbalaji-ucsd,13
492,cjyclaire,13
493,jasonrichardsmith,13
494,bricksdont,13
495,wascou,13
496,cxiangna,13
497,awsandrewpark,13
498,fandotli,13
499,nchong-at-aws,13
500,ConnorKirk,13
501,glenndierkes,13
502,davidbarsky,13
503,knakad,13
504,oleg-nenashev,13
505,dacort,13
506,amcp,13
507,khush-bhatia,13
508,benjipotter,12
509,micah-jaffe,12
510,ndeloof,12
511,SrutiG,12
512,brete,12
513,mihir-aws,12
514,jeremeamia,12
515,nitishdayal,12
516,itsgrimetime,12
517,sturdygeoff,12
518,tantona,12
519,abarciauskas-bgse,12
520,wwna,12
521,coliff,12
522,mreddyg,12
523,fjromerom,12
524,viksrivat,12
525,lsida,12
526,mseeger,12
527,ShivaniMehendarge,12
528,dymaws,11
529,rambrus,11
530,crlsonb,11
531,sunilmallya,11
532,jeffdlb,11
533,starkshaw,11
534,gaganawhad,11
535,morrmt,11
536,etspaceman,11
537,yuxiny2586,11
538,soojinj,11
539,vinnix,11
540,dcchatte,11
541,chakravn,11
542,kzys,11
543,jbasden,11
544,knorwood,11
545,yimuniao,11
546,kashif,11
547,fredliporace,11
548,jicowan,11
549,KellenSunderland,11
550,SandadiAWS,11
551,Aloha106,11
552,LiArthur,11
553,anozaki,11
554,abaror,11
555,bejos-aws,11
556,ajorg-aws,11
557,JonathanTaws,11
558,ashwing,11
559,JulianSlzr,10
560,rshyamsundar,10
561,frankfarrell,10
562,schwar,10
563,annaluo676,10
564,yohanmartin,10
565,Amazon-JoshMan,10
566,tomstickle,10
567,geronimo-iia,10
568,aws-austin-lee,10
569,rpcme,10
570,lurkshark,10
571,ragsns,10
572,AustinTag,10
573,ckrough,10
574,patrick-muller,10
575,iscofield,10
576,ozgurakan,10
577,owen-t,10
578,CLBray,10
579,danzamansky,10
580,palafranchise,10
581,abuehaze,10
582,sunil19m,10
583,GWP,10
584,thomelane,10
585,larroy,10
586,steckmey,10
587,larryonoff,10
588,slacksec,10
589,laxmank2908,10
590,Yanacek,10
591,bairon,9
592,cbbarclay,9
593,mirocody,9
594,seebees,9
595,MiltonRen,9
596,haruyosh-amazon,9
597,msambol,9
598,mogren,9
599,ChuyangDeng,9
600,anirudh2290,9
601,zhiyua-git,9
602,ashishgore,9
603,swaminator,9
604,alexlsts,9
605,roopeshranjan,9
606,jaredswarren,9
607,abhjaw,9
608,Tawha,9
609,gguillemas,9
610,yinxiaoz-amzn,9
611,felixbiessmann,9
612,leepa,9
613,ruhlem,9
614,dcmaddix,9
615,eric-haibin-lin,9
616,abhijeetvg,9
617,troylars,9
618,shinichy,9
619,PierreLiddle,8
620,steverab,8
621,virginiachu,8
622,timecode,8
623,indu-bhagavatula,8
624,parsnips,8
625,thmashu,8
626,emurray1000,8
627,skinny85,8
628,royjit,8
629,awssandra,8
630,iamsteps,8
631,temyers,8
632,cncoder,8
633,ClydeMachine,8
634,teknogeek0,8
635,chongruo,8
636,harshdev93,8
637,geoalgo,8
638,Magizhchi,8
639,anilsdomain,8
640,turacma,8
641,efekarakus,8
642,tautschnig,8
643,gadams999,8
644,xyq164202,8
645,bmaizels,8
646,ZH-MO,8
647,moormat,8
648,mmahmudi,8
649,bw-intuit,8
650,abhinavs95,8
651,jhaynes,8
652,TheFuz,8
653,mullermp,8
654,javierros,8
655,cells2numbers,8
656,chenkelmann,8
657,a-mittal,8
658,nishantcasey,8
659,mlaff,8
660,abeer91,8
661,nithu0115,8
662,mbohlkeschneider,8
663,Roshrini,8
664,mhart,7
665,smhmhmd,7
666,deeppat,7
667,Kiran-Janarthan,7
668,mckayjuk,7
669,trobiv,7
670,afitzgibbon,7
671,ankugar,7
672,dabit3,7
673,canerturkmen,7
674,kurojishi,7
675,AWSwinefred,7
676,gauravgh,7
677,ryanewel,7
678,elbanic,7
679,lorisbaz,7
680,benmoor,7
681,kevinviraudDH,7
682,brianbianco,7
683,singku,7
684,eltonc8,7
685,logogin,7
686,kangrich,7
687,aetter,7
688,sdechgan,7
689,kakakakakku,7
690,loganb,7
691,sam-goodwin,7
692,yinshiua,7
693,michaelneale,7
694,beckyaws,7
695,bradley-curran,7
696,johnkim76,7
697,xingniu,7
698,aaithal,7
699,philipmw,7
700,jiajiechen,7
701,subinataws,7
702,msfroh,7
703,Sam-Martin,7
704,ndobryanskyy,7
705,p-palanis,7
706,nicolagi,7
707,nija-at,7
708,nikunjnaws,7
709,orozcoadrian,7
710,alextwoods,7
711,chriscoombs,7
712,ReethiJ,7
713,alexgl-github,7
714,pierreaws,7
715,kylesomers,7
716,jodevsa,7
717,collinsr,7
718,tuliocasagrande,7
719,SmilyBorg,7
720,Simon2228,7
721,conordel,7
722,bmoffatt,7
723,rjuliano,7
724,NikolaBravo,7
725,keypointt,7
726,gruenem,7
727,wolruf,7
728,stefan-grafberger,7
729,raykrueger,7
730,joeharris76,7
731,JPFrancoia,6
732,leiye,6
733,surajkota,6
734,asifamz,6
735,shyamjvs,6
736,arunvis-aws,6
737,lordjabez,6
738,drobtravels,6
739,skohlmeier,6
740,norvellj,6
741,enobufs,6
742,michael-k,6
743,otterley,6
744,albertvaka,6
745,anchen1011,6
746,Sentinel-5P,6
747,iamhopaul123,6
748,ppratee,6
749,andreaswittig,6
750,mmarti,6
751,gmilcinski,6
752,gliptak,6
753,rostislb,6
754,mig281,6
755,Styerp,6
756,shultzbs,6
757,rpgreen,6
758,gautagan,6
759,ryannikschaws,6
760,flaviomax,6
761,sammartinez,6
762,matt-lumer,6
763,Trojan295,6
764,falkben,6
765,sentientmonkey,6
766,kapilt,6
767,appwiz,6
768,sgdread,6
769,dgraeber,6
770,kushagra1504,6
771,barneagal,6
772,Ashish-Nanda,6
773,zekuny,6
774,AWSaalluri,6
775,bsangwan,6
776,cosmincatalin,6
777,Deseaus,6
778,ykosaraju,6
779,bad-hambo,6
780,F2006,6
781,charsleysa,6
782,BrandonMorgado,6
783,willywutang,6
784,tchia04,6
785,bankAWS,6
786,vinayselvaraj,6
787,szha,6
788,bluPhy,6
789,shijin-aws,5
790,andrealiu,5
791,dave-malone,5
792,cstrydom,5
793,apreed,5
794,ericangelokim,5
795,akarve,5
796,mndeveci,5
797,davidcthomas,5
798,costleya,5
799,yoroto,5
800,simalexan,5
801,simonz-bq,5
802,TruffleMuffin,5
803,tv-17,5
804,prasanthig,5
805,batchus,5
806,dawidmalina,5
807,shurvitz,5
808,matschaffer,5
809,triha74,5
810,agcooke,5
811,nelz9999,5
812,plample,5
813,ryflood,5
814,sam-aws,5
815,daneah,5
816,ansoni,5
817,cyrilbrugman,5
818,nikp,5
819,rurounijones,5
820,bdhandap,5
821,toriiico,5
822,markrtuttle,5
823,tjkirch,5
824,pengzai6666,5
825,chirillc-aws,5
826,matthewpoer,5
827,tinglinc,5
828,ylynn,5
829,Tony96301,5
830,connellp,5
831,gbroques,5
832,Trane9991,5
833,alexcasalboni,5
834,magictoken,5
835,nhanatl,5
836,vito-laurenza-zocdoc,5
837,panva,5
838,vkuptcov,5
839,Seblat5ch,5
840,hnishar,5
841,borgstrom,5
842,koblas,5
843,knqyf263,5
844,yyolk,5
845,Sh4rK,5
846,thedjpetersen,5
847,rc1405,5
848,srijitm,5
849,defila-aws,5
850,stefanverhoeff,5
851,abhiataero,5
852,christos-c,5
853,chrisckchang,5
854,mteichtahl,5
855,lukaszbudnik,5
856,codewithsk,5
857,vaviliv,5
858,thedevopsmachine,5
859,witsoej,5
860,luxx,5
861,skripche,5
862,FireballDWF,5
863,kelloggm,5
864,patcadelina,5
865,taoyong-ty,5
866,ritesh,5
867,awskieran,5
868,hobu,5
869,ecpullen,5
870,arun-amzn,5
871,usamanaseem,4
872,jezhiggins,4
873,mscaer,4
874,cxystras,4
875,tpcstld,4
876,johnnyw-aws,4
877,SoManyHs,4
878,johnraws,4
879,rajaprabhu,4
880,ruchim,4
881,milbrya,4
882,johnnyhoffman,4
883,goeringk,4
884,mindstorms6,4
885,SamuelLarkin,4
886,SalusaSecondus,4
887,rjsamson,4
888,changebo,4
889,gkwicker,4
890,rizwangilani,4
891,andrey-tpt,4
892,rpaterson,4
893,DaichiUeura,4
894,rhermes62,4
895,jklukas,4
896,joeyvmason,4
897,gautamkmr,4
898,nehalmehta,4
899,jiteshsoni,4
900,wps132230,4
901,B-Souty,4
902,hmashlah,4
903,rschmitt,4
904,andrewfayres,4
905,Michael-McClelland4,4
906,msantos,4
907,harinigunabalan,4
908,rcook,4
909,jacobtomlinson,4
910,onlybakam,4
911,enieuw,4
912,manango,4
913,actions-user,4
914,Jacco,4
915,arpitjain2811,4
916,ckamps,4
917,dgomesbr,4
918,vijaysat,4
919,J8K3,4
920,eagletmt,4
921,tbrown-wordstream,4
922,smpeters,4
923,smuralee,4
924,lovvge,4
925,amey91,4
926,yx1215,4
927,vinayict,4
928,WillHoule,4
929,billrobertson42,4
930,ssleyman,4
931,jamestwebber,4
932,jamesoff,4
933,stefanceriu,4
934,at7925,4
935,diranged,4
936,strawberrypie,4
937,kpuatamazon,4
938,t13a,4
939,vrdabomb5717,4
940,jagatfx,4
941,thomasmcgannon,4
942,danielhaviv,4
943,davidoesch,4
944,aopisco,4
945,mark-hirayama,4
946,etungsten,4
947,shufakan,4
948,apprivet,4
949,jschwarzwalder,4
950,yash1,4
951,joshmoAWS,4
952,aptsunny,4
953,cheruvian,4
954,menant,4
955,fmarier,4
956,jordan-patapoff,4
957,ryansb,4
958,yadavcbala,4
959,kagahehk01,4
960,jwswj,4
961,nmanthey,4
962,shashankprasanna,4
963,awsmobilesdk,4
964,marcilio,4
965,arangatang,4
966,jancona,3
967,RobRoseKnows,3
968,willarmiros,3
969,jasonkrone,3
970,whsinma,3
971,nvaidya1,3
972,neoandroid,3
973,waltmaguire,3
974,Rayz0r,3
975,mycaule,3
976,jboynes,3
977,jeremylevy,3
978,okochang,3
979,azatoth,3
980,Richardwan7,3
981,chills42,3
982,nbrachet,3
983,javydekoning,3
984,nmoutschen,3
985,natherz97,3
986,Schadix,3
987,chrgut,3
988,dgouldin,3
989,willyg302,3
990,benoittgt,3
991,bryant1410,3
992,malyeyev-AMZN,3
993,maaquib,3
994,m8ryx,3
995,acioc,3
996,yosuke-matsuda,3
997,acdha,3
998,lucasmt,3
999,lsegal,3
1000,yufengJ,3
1001,kevinngsw,3
1002,lpierillas,3
1003,bgmilne,3
1004,msimpsonnz,3
1005,brendandixon,3
1006,bradydowling,3
1007,leeatkinson,3
1008,lebeg,3
1009,bradboswell,3
1010,knjcode,3
1011,abdelrahmanbadawy,3
1012,bnusunny,3
1013,zhngaj,3
1014,kreide,3
1015,zhreshold,3
1016,kuba-aws,3
1017,TrekSoft,3
1018,bsmith94,3
1019,kahouieong,3
1020,mats16,3
1021,mseth10,3
1022,jigsaw004,3
1023,SgtCoDFish,3
1024,jjmartin,3
1025,mothguib,3
1026,ajayvohra2005,3
1027,moskyb,3
1028,jnicholsXilinx,3
1029,aingerson,3
1030,montanaw,3
1031,balentr,3
1032,mlshon,3
1033,mjgpy3,3
1034,mikmoshe,3
1035,mijndert,3
1036,AndersAsa,3
1037,aggarwal,3
1038,mdm373,3
1039,mcrute,3
1040,TakesTheBiscuit,3
1041,joshcough,3
1042,yan12125,3
1043,affoliveira-aws,3
1044,jrdi,3
1045,c-jcarlsen-godaddy,3
1046,bdesert,3
1047,0xflotus,3
1048,jadhavmanoj,3
1049,u6768,3
1050,roypronoy,3
1051,JakeStoeffler,3
1052,rncain,3
1053,tylerjryan,3
1054,sipsma,3
1055,gqmelo,3
1056,riceo,3
1057,sjbylo,3
1058,MarioBajr,3
1059,thehackercat,3
1060,tegansiobhan,3
1061,dustin-lange,3
1062,gupta-n,3
1063,rdowne,3
1064,hariby,3
1065,slaskis,3
1066,sliedig,3
1067,deenadat,3
1068,JKeeter,3
1069,MrArnoldPalmer,3
1070,raphkim,3
1071,r7o,3
1072,thigley986,3
1073,tsein-bc,3
1074,tryantwit,3
1075,DevoKun,3
1076,tkimurz,3
1077,tobodner,3
1078,fjavieralba,3
1079,sbruggeman,3
1080,JoeDM09,3
1081,aviatesk,3
1082,fahrradflucht,3
1083,foscraig,3
1084,sebasrp,3
1085,timoschowski,3
1086,seniorquico,3
1087,evantorrie,3
1088,timoschilling,3
1089,dainstber,3
1090,fulghum,3
1091,anmonteiro,3
1092,travcunn,3
1093,aws-goformation,3
1094,anishd1,3
1095,autodataming,3
1096,troy-aws,3
1097,hirokikonishi,3
1098,JLLeitschuh,3
1099,asahasrabuddhe,3
1100,diaamajed,3
1101,paulfryer,3
1102,Gauravshah,3
1103,vgamz,3
1104,sturdytroyready,3
1105,tapdiego-amzn,3
1106,vhuhtine,3
1107,stevenkword,3
1108,dmenin,3
1109,pacohope,3
1110,pmohamma,3
1111,pnpnpn,3
1112,cmdallas,3
1113,Greglobrien,3
1114,IRCody,3
1115,awszhen,3
1116,aseroj,3
1117,spigaj,3
1118,sthulb,3
1119,chrisoverzero,3
1120,FadhelA,3
1121,paulsukow,3
1122,pushplay,3
1123,spathik,3
1124,vijayarv,3
1125,dhanainme,3
1126,vineetkulkarni,3
1127,sergioescala,2
1128,sethtdenney,2
1129,marismmm,2
1130,sgundapu,2
1131,sh1n1chi8acker,2
1132,zhoufang-joe,2
1133,sullis,2
1134,markcarroll,2
1135,kyarosh,2
1136,JonTanS,2
1137,max-rocket-internet,2
1138,mauricioharley,2
1139,sbathgate,2
1140,Johnius,2
1141,mattlandis,2
1142,AAlon,2
1143,marklagendijk,2
1144,sxjscience,2
1145,l1x,2
1146,stivesso,2
1147,Jerryzcn,2
1148,markus289,2
1149,lafiosca,2
1150,shashank-sharma,2
1151,taklwu,2
1152,shikharj05,2
1153,skidder,2
1154,WesleyRosenblum,2
1155,Inkromind,2
1156,lox,2
1157,yutachaos,2
1158,yulazari,2
1159,InspectorConstructor,2
1160,snbuback,2
1161,lizroth,2
1162,lr94disco,2
1163,IllyaYalovyy,2
1164,smallo,2
1165,AnderEnder,2
1166,Disgruntled,2
1167,z-york,2
1168,stealthycoin,2
1169,stijndehaes,2
1170,leakingtapan,2
1171,ValterAtAWS,2
1172,lcallot,2
1173,majasb,2
1174,thiezn,2
1175,EgidioCaprino,2
1176,malcolmgreaves,2
1177,steveataws,2
1178,sinemetu1,2
1179,marcbowes,2
1180,sopel39,2
1181,marcelokscunha,2
1182,shivas,2
1183,AGSaidi,2
1184,mbamber,2
1185,tomhoag,2
1186,saurav-agarwalla,2
1187,Selmirrrrr,2
1188,pm990320,2
1189,ngrigoriev,2
1190,ClarkAtAmazon,2
1191,prajaktatathavadkar,2
1192,Nr18,2
1193,NoodlesNZ,2
1194,pyeole,2
1195,quasi-mod,2
1196,narehayrapetyan,2
1197,quiver,2
1198,willthames,2
1199,mynnx,2
1200,Nomidia,2
1201,mutescu,2
1202,rachitdhall,2
1203,rainhead,2
1204,Schwusch,2
1205,NetaNir,2
1206,ranman,2
1207,Cyberax,2
1208,winebarrel,2
1209,nicklonginow,2
1210,wdbaruni,2
1211,photoszzt,2
1212,patriziomunzi,2
1213,otolab,2
1214,Pluies,2
1215,walkingtospace,2
1216,ohgyun,2
1217,Petezah,2
1218,oak2278,2
1219,ChaiBapchya,2
1220,parijatsinha,2
1221,patrickli,2
1222,nsarychev,2
1223,phillipberndt,2
1224,wanis,2
1225,paulisio,2
1226,RobReus,2
1227,paulramsey,2
1228,wanix,2
1229,peeyush1234,2
1230,warrn,2
1231,PatMyron,2
1232,vgnanasekaran,2
1233,vaib-amz,2
1234,mschoch,2
1235,mbonig,2
1236,winjer,2
1237,toredash,2
1238,mikramulhaq,2
1239,SomayaB,2
1240,ArendAMZN,2
1241,DavidOgunsAWS,2
1242,michaelaw320,2
1243,orchidmajumder,2
1244,tomgilligan,2
1245,Sylistron,2
1246,mhoglan,2
1247,Davidhw,2
1248,mfuellbieaws,2
1249,salamanderrex,2
1250,salpalvv,2
1251,meislerj,2
1252,tlienart,2
1253,JunyangLi,2
1254,Jun711,2
1255,tjordahl,2
1256,sanyer,2
1257,mborromeo,2
1258,KeltonKarboviak,2
1259,toricls,2
1260,rwarren99,2
1261,rlucas7,2
1262,DALDEI,2
1263,mrname,2
1264,wipawel,2
1265,mpostument,2
1266,reddyu,2
1267,rguillebert,2
1268,ridha,2
1269,tyomo4ka,2
1270,rkustner,2
1271,rmahfoud,2
1272,rsteube,2
1273,tushar-poddar-amazon,2
1274,DaBs,2
1275,mmssantos,2
1276,wongma7,2
1277,mm318,2
1278,wooj2,2
1279,mlabieniec,2
1280,workanandr,2
1281,LachlanMcCulloch,2
1282,pasha407,2
1283,Torniojaws,2
1284,kunal95vasu,2
1285,avram,2
1286,aws-aminsuzani,2
1287,jiaxul,2
1288,jiajie1999,2
1289,jhutchings1,2
1290,awbush,2
1291,dacut,2
1292,jganoff,2
1293,akarnani,2
1294,dalumiller,2
1295,daniel-beck,2
1296,akitanaka,2
1297,jenkins-fw,2
1298,dbiddle,2
1299,danielesalvatore,2
1300,danielgoncalves,2
1301,danielgtaylor,2
1302,jehuty0shift,2
1303,alanvan0502,2
1304,alecharp,2
1305,davidor,2
1306,davidrosenstark,2
1307,jbogie-pivotal,2
1308,aursolis,2
1309,alex-ozdemir,2
1310,jimrazmus,2
1311,cumet04,2
1312,jmnarloch,2
1313,cperciva,2
1314,jschwartz73,2
1315,jschucht,2
1316,aeijdenberg,2
1317,josvijay,2
1318,joshuaspence,2
1319,joshuamorris3,2
1320,joshschwartz,2
1321,joshbean,2
1322,joshbalfour,2
1323,josephvusich,2
1324,chrisradek,2
1325,josephevans,2
1326,az3,2
1327,jordan-evans,2
1328,awstools,2
1329,jones2026,2
1330,awslankakamal,2
1331,colinhoglund,2
1332,johnfangjz,2
1333,john-siemens,2
1334,concat,2
1335,aimichal,2
1336,joebowen,2
1337,jbarrus,2
1338,jasonmk,2
1339,chenw23,2
1340,gengmao,2
1341,efeingoldsc,2
1342,hcalsos,2
1343,haverchuck,2
1344,haojhcwa,2
1345,armaseg,2
1346,eranation,2
1347,grayaii,2
1348,golharam,2
1349,erickt,2
1350,gilderman,2
1351,georgmao,2
1352,etsung-aws,2
1353,alexconlin,2
1354,eundoosong,2
1355,garyleefight,2
1356,fabienrenaud,2
1357,garnaat,2
1358,anmoldalmia,2
1359,fvilches17,2
1360,apivovarov,2
1361,fosterzhang,2
1362,fbbotero-aws,2
1363,ap-hyperbole,2
1364,fmancinelli,2
1365,andretti1977,2
1366,hencrice,2
1367,henrysher,2
1368,heybronson,2
1369,deeptida,2
1370,jamesewoo,2
1371,deskaran,2
1372,dfelska,2
1373,alonbrody,2
1374,ismaelfernandezscmspain,2
1375,indrayam,2
1376,dhruvsood,2
1377,anandrangarajan,2
1378,ikben,2
1379,igngar,2
1380,ia-community-analytics,2
1381,dougalb,2
1382,dougneal,2
1383,hposca,2
1384,drewhemm,2
1385,dsalamancaMS,2
1386,dungahk,2
1387,hollowdrutt,2
1388,duydnguyen07,2
1389,hoadinhmai,2
1390,hiok2000,2
1391,asagage,2
1392,chetanme,2
1393,danilohgds,2
1394,anurag1408,2
1395,kferrone,2
1396,keerthy411,2
1397,bdwyertech,2
1398,khrystoph,2
1399,byronlin-bq,2
1400,candrews,2
1401,buholzer,2
1402,adammw,2
1403,kiranmeduri,2
1404,blxdaniel,2
1405,benjcooley,2
1406,krlawrence,2
1407,khaledsobhy83,2
1408,adamchainz,2
1409,benkehoe,2
1410,kevin-laff,2
1411,cb-xav,2
1412,kevinayres,2
1413,adamcoxon,2
1414,abrooksv,2
1415,smoll,1
1416,spingel,1
1417,asemt,1
1418,spezam,1
1419,eercanayar,1
1420,bradleyjames,1
1421,spg,1
1422,dstufft,1
1423,benkershner,1
1424,dscpinheiro,1
1425,srijs,1
1426,artemnikitin,1
1427,IlkkaAnttonen,1
1428,srizzling,1
1429,Ichaelus,1
1430,drucker-nir,1
1431,edubxb,1
1432,soorajb,1
1433,smira,1
1434,smoy,1
1435,AkhilKavuri,1
1436,arunbhagyanath,1
1437,brennerm,1
1438,dyroffk,1
1439,brandonl,1
1440,yuxihu,1
1441,asaf-erlich,1
1442,eanbyrne,1
1443,benoit-sedoni,1
1444,yujinis,1
1445,dvillarraga,1
1446,AlexCharlton,1
1447,solgeas,1
1448,soloman1124,1
1449,AlexHmelevskiAG,1
1450,yunchancho,1
1451,yuma-m,1
1452,IonCaza,1
1453,Alien2150,1
1454,ssteo,1
1455,strongh,1
1456,Freakin,1
1457,Francois-Aubet,1
1458,yoshutch,1
1459,dhuma1981,1
1460,brockn,1
1461,subuk,1
1462,sudohalt,1
1463,suin,1
1464,asvand,1
1465,sumodirjo,1
1466,dhirennavani,1
1467,FlorianLudwig,1
1468,dhendricks1,1
1469,surya-shodan,1
1470,dhanesh,1
1471,suyograo,1
1472,svozza,1
1473,dgoradia,1
1474,swetavkamal,1
1475,strongjz,1
1476,striglia,1
1477,HGS-shoust01,1
1478,dimosr,1
1479,draderaws,1
1480,statik,1
1481,AdamTylerLynch,1
1482,dougeberline,1
1483,stefan-korn,1
1484,dotgc,1
1485,dostiharise,1
1486,stemors,1
1487,stenou,1
1488,donocode,1
1489,ashleywolf,1
1490,ystein,1
1491,dmetzler,1
1492,dliggat,1
1493,dlenski,1
1494,dkeightley,1
1495,ashutoshsharmaindia,1
1496,dixonaws,1
1497,stratusjerry,1
1498,artemmavrin,1
1499,zacharya,1
1500,eirikjak,1
1501,JeffAtDeere,1
1502,seawildau,1
1503,bmitch,1
1504,f4z3k4s,1
1505,seitmagz,1
1506,boomshadow,1
1507,f-ganz,1
1508,ewbankkit,1
1509,zhiyanliu,1
1510,borlafu,1
1511,sergred,1
1512,etiennemunnich,1
1513,yongsun,1
1514,zhaojunz,1
1515,AKoetsier,1
1516,boul,1
1517,sethuramanio,1
1518,sethusrinivasan,1
1519,sferich888,1
1520,eriklz,1
1521,eriklovdahl,1
1522,erikbryant,1
1523,shahamishi,1
1524,JerzyLa,1
1525,JiHyunSong,1
1526,sean-smith,1
1527,seaflinn,1
1528,felipeplets,1
1529,JuhQ,1
1530,saukothari,1
1531,JuergenKindler,1
1532,felipegasparini,1
1533,fela,1
1534,zsolt-halo,1
1535,saxophonicle,1
1536,fedeperez89,1
1537,zscholl,1
1538,fblundun,1
1539,zouhenry,1
1540,JohnRbk,1
1541,JohnCalhoun,1
1542,149alexniu149,1
1543,apage43,1
1544,blchu,1
1545,scjudd,1
1546,scorphus,1
1547,falmotlag,1
1548,blutack,1
1549,Jaskirat,1
1550,sharuzzaman,1
1551,eridal,1
1552,simoncorstonoliver,1
1553,emopti-jrufer,1
1554,emilmont,1
1555,JaimeMartin,1
1556,singhrajk,1
1557,emcfins,1
1558,JackDanger,1
1559,singledigit,1
1560,aregier,1
1561,sivankumar86,1
1562,siwyd,1
1563,sjansen,1
1564,zaquestion,1
1565,sjenning,1
1566,elmoenco,1
1567,arostamian-truecar,1
1568,elevaa,1
1569,billyshambrook,1
1570,elatt,1
1571,ekremkenter,1
1572,ek9852,1
1573,skylarbemus,1
1574,enabokov,1
1575,endersstocker,1
1576,shashankg77,1
1577,simPod,1
1578,aramprice,1
1579,shenavaa,1
1580,shendriksen,1
1581,shenoyirvine,1
1582,sheraz-sarwar,1
1583,sherry-1001,1
1584,zetxek,1
1585,zerth,1
1586,ericksonjoseph,1
1587,shimont,1
1588,arashilmg,1
1589,eric-simonton-sama,1
1590,shmick,1
1591,boulabiar,1
1592,shorea,1
1593,James-TR,1
1594,eranharel,1
1595,zdjohn,1
1596,er1c,1
1597,shwetaskatdare,1
1598,eng-moataz,1
1599,dgingrich,1
1600,BBottoml,1
1601,deyangyin,1
1602,uldissturms,1
1603,unagi,1
1604,DLu,1
1605,colinjfw,1
1606,uriFrischman,1
1607,cbroglie,1
1608,userkkw,1
1609,uthark,1
1610,uttamk,1
1611,CyrusNajmabadi,1
1612,ccloes-intuit,1
1613,cojennin,1
1614,cobrads,1
1615,Crashedmind,1
1616,CodeLingoBot,1
1617,cobbdb,1
1618,cnees,1
1619,vercer-cmt,1
1620,cmangla,1
1621,clorichel,1
1622,ceefour,1
1623,clifflu,1
1624,wrgeorge1983,1
1625,uji,1
1626,devonbleak,1
1627,uint0,1
1628,csan6,1
1629,DanielRedOak,1
1630,crsuarez,1
1631,truthspirit,1
1632,aws-nageshvh,1
1633,aws-patlin,1
1634,cplee,1
1635,ArmageddonKnight,1
1636,tuglat,1
1637,bartveenstra,1
1638,cosmo0920,1
1639,corysaws,1
1640,conork-datacom,1
1641,conorhastings,1
1642,twosider,1
1643,wumingzhang,1
1644,connorjs,1
1645,wtorrealba,1
1646,tyron,1
1647,collinforrester,1
1648,ufosaga,1
1649,clcpolevaulter,1
1650,clayharris,1
1651,cgansen,1
1652,cjensenius,1
1653,chrisgilmerproj,1
1654,vsirovatsky,1
1655,Bukashk0zzz,1
1656,Bryanide,1
1657,w4,1
1658,wagneraw,1
1659,chaudyg,1
1660,waicool20,1
1661,walkerk1980,1
1662,chauhansachinkr,1
1663,azamin,1
1664,chris-gilmore,1
1665,wallylv,1
1666,chris-chambers,1
1667,choo-stripe,1
1668,choefele,1
1669,chkhd,1
1670,wikier,1
1671,watermelo,1
1672,wckzhang,1
1673,BEvgeniyS,1
1674,chrisjameswilliams,1
1675,chaudhary27,1
1676,charlieyou,1
1677,vistarjs,1
1678,cjami,1
1679,chupakabr,1
1680,bardo,1
1681,wmdietl,1
1682,CarsonBradshaw,1
1683,vintageplayer,1
1684,christophergrant,1
1685,CarlMeadows,1
1686,Asimov4,1
1687,christ66,1
1688,charleswhchan,1
1689,chamathsilva,1
1690,Cai41,1
1691,b0noI,1
1692,volkangurel,1
1693,witoff,1
1694,b-b3rn4rd,1
1695,charandas,1
1696,vpop,1
1697,CT83,1
1698,trongnhanbmt,1
1699,cspotcode,1
1700,Darrenmeehan,1
1701,thvasilo,1
1702,aurghob,1
1703,DoWhileGeek,1
1704,tgpadua,1
1705,thatarchguy,1
1706,yiyagong,1
1707,dbramwell,1
1708,dbraley,1
1709,dboekee,1
1710,yisheng-liang,1
1711,theovoss,1
1712,thepabloaguilar,1
1713,thepwagner,1
1714,therc,1
1715,thesteveco,1
1716,beckdaniel,1
1717,davivcgarcia,1
1718,yegeniy,1
1719,davidrupp,1
1720,tholiao,1
1721,ydubreuil,1
1722,thomasrockhu,1
1723,dcherman,1
1724,tekdj7,1
1725,audreyseo,1
1726,dennydaugherty,1
1727,tahoward,1
1728,atbida,1
1729,chenjx1005,1
1730,tallpants,1
1731,ErinLMoore,1
1732,tamtam180,1
1733,tanishiking,1
1734,benjamingill,1
1735,atcheson-aws,1
1736,deki,1
1737,tealeg,1
1738,dekelpilli,1
1739,EeroKurimo,1
1740,tbenade,1
1741,EdwardBetts,1
1742,buddyspike,1
1743,atorstling,1
1744,EdoBarroso,1
1745,Doug-AWS,1
1746,benalta,1
1747,davidpanofsky,1
1748,cafuego,1
1749,xavi-,1
1750,austin43,1
1751,damianwylie,1
1752,tommytcchan,1
1753,Antman261,1
1754,xmubeta,1
1755,dagnir,1
1756,tomtongue,1
1757,tongueroo,1
1758,topisark,1
1759,xingzhaolee,1
1760,cattz,1
1761,xibz,1
1762,cynicaljoy,1
1763,xentek,1
1764,tornasole-dev,1
1765,xbcratos,1
1766,tq-jappy,1
1767,cvaliente,1
1768,treplogle,1
1769,David-Durst,1
1770,trex-amazon,1
1771,AoiAsu,1
1772,dandalf,1
1773,dandersonw,1
1774,tomdev,1
1775,y13i,1
1776,timgent,1
1777,timmartin19,1
1778,autopulated,1
1779,danshao,1
1780,caitlin-tibbetts,1
1781,santiagocardenas,1
1782,yangkang98,1
1783,camdencheek,1
1784,candide-guevara,1
1785,tjwebb,1
1786,toksvaeth,1
1787,tk3369,1
1788,tkawachi,1
1789,carlnordenfelt,1
1790,DecafCEO,1
1791,danielcompton,1
1792,DeadZen,1
1793,tlisonbee,1
1794,tobiasbayer,1
1795,xtagon,1
1796,takus,1
1797,geckofu,1
1798,fenxiong,1
1799,mikedias,1
1800,michael-b-willingham,1
1801,michael-dickinson-sainsburys,1
1802,jonathanslenders,1
1803,michaelansel,1
1804,jonathanmorley,1
1805,Stradix,1
1806,jonathan016,1
1807,StewartW,1
1808,jonahharris,1
1809,jojenreed,1
1810,johsieh,1
1811,johnrlane,1
1812,mlindemu,1
1813,johnrieth,1
1814,johnmurphy01,1
1815,johnmshields,1
1816,minchao,1
1817,johnhankataws,1
1818,miparnisari,1
1819,mitchellgordon95,1
1820,agusherrera,1
1821,john-andrilla,1
1822,ahmedelz,1
1823,ai4java,1
1824,agherzan,1
1825,mhuffman-r7,1
1826,jonhaddow,1
1827,mhausenblas,1
1828,jpilorget,1
1829,Tang8330,1
1830,mbacchi,1
1831,mbainter,1
1832,joubin,1
1833,mbaran90,1
1834,mbeacom,1
1835,mbeirouti,1
1836,mbruntink,1
1837,mbuff24,1
1838,Tacoma,1
1839,medinarrior,1
1840,josephpconley,1
1841,melalawi,1
1842,TEChopra1000,1
1843,meonkeys,1
1844,mernst,1
1845,metalfork,1
1846,metaskills,1
1847,mfortin,1
1848,mguindin,1
1849,mharkins-spokeo,1
1850,jonnyvaughan,1
1851,mli,1
1852,jogold,1
1853,feverLu,1
1854,jeremywall,1
1855,mslagle-gd,1
1856,msummers42,1
1857,mtalreja-a,1
1858,ajupton,1
1859,muhsinoglu,1
1860,jewelltp,1
1861,akartsky,1
1862,mvanbaak,1
1863,Schmedu,1
1864,jessebrizzi,1
1865,akira-kuriyama,1
1866,Sazpaimon,1
1867,joeymiller,1
1868,Savjee,1
1869,SantyAMZN,1
1870,jeremysears,1
1871,nandotorterolo,1
1872,jensendw,1
1873,natebeck,1
1874,nateous,1
1875,SamanthaFeidFischer,1
1876,nazgul33,1
1877,jejikenwogu,1
1878,jeis2497052,1
1879,ajohnstone,1
1880,jglotzer,1
1881,jia-jerry,1
1882,msaum,1
1883,joelmbell,1
1884,ShriramSuryaAws,1
1885,joel-aws,1
1886,joehart1981,1
1887,mohebifar,1
1888,mojodna,1
1889,joaoportela,1
1890,moomindani,1
1891,jmp-aws,1
1892,Shivaganesh01,1
1893,SharpEdgeMarshall,1
1894,ajglover,1
1895,mousedownmike,1
1896,ajlanghorn,1
1897,mpmckenna8,1
1898,jinnko,1
1899,mraghu-athena,1
1900,jimmycasey,1
1901,mriccia,1
1902,ajmath,1
1903,mrshu,1
1904,jim-slattery-rs,1
1905,1123,1
1906,mattyn,1
1907,matthiasn,1
1908,jsdt,1
1909,lost-name,1
1910,lefthand,1
1911,kirillseva,1
1912,XieGuochao,1
1913,leo-p,1
1914,WouterSchols,1
1915,lightsofapollo,1
1916,lion3ls,1
1917,kiiadi,1
1918,kichik,1
1919,khanshariquem,1
1920,khamaileon,1
1921,kggilmer,1
1922,mattford63,1
1923,Wei-1,1
1924,WarSame,1
1925,luc-liu,1
1926,access2rohit,1
1927,lucasreed,1
1928,VoVAllen,1
1929,luiscosio,1
1930,kenju,1
1931,VividKnife,1
1932,lukelappin,1
1933,VictorRaim,1
1934,kiukA9,1
1935,kiukchung,1
1936,klangner,1
1937,YFGu0618,1
1938,kwhi291,1
1939,a8m,1
1940,kumpelj,1
1941,aackerman,1
1942,kshahzada,1
1943,Zyqsempai,1
1944,kramos,1
1945,ZoeJi,1
1946,lalon,1
1947,koshy1123,1
1948,lantzmanAmazon,1
1949,larmog,1
1950,koorukuroo,1
1951,kolanos,1
1952,lashex,1
1953,YusongLeng,1
1954,YueZhong-bio,1
1955,koheik,1
1956,knightsc,1
1957,knakayama,1
1958,lcymburajr,1
1959,klontje85,1
1960,leandropadua,1
1961,acheronfail,1
1962,lzimm,1
1963,m-ober,1
1964,adclark1,1
1965,markpeek,1
1966,jveldboom,1
1967,markstos,1
1968,adeteriba,1
1969,markuspeloquin,1
1970,jupiter,1
1971,martinb3,1
1972,martinbjeldbak,1
1973,martindam,1
1974,martinjbaker,1
1975,martinpopel,1
1976,bitfrost,1
1977,masneyb,1
1978,massi-ang,1
1979,mateuszboryn,1
1980,junpuf,1
1981,jumoel,1
1982,jtblin,1
1983,adrai,1
1984,Toltar,1
1985,adriangonciarz,1
1986,mattdhart,1
1987,Tensho,1
1988,marklawlor,1
1989,markglh,1
1990,keatongreve,1
1991,jwr0,1
1992,kcorupe,1
1993,Veetaha,1
1994,madebr,1
1995,acmore,1
1996,maghis,1
1997,kaushikd49,1
1998,magro,1
1999,katyjohnAMZ,1
2000,mallmanj,1
2001,VINIT777,1
2002,adamclerk,1
2003,manabusakai,1
2004,manuel-trejo-rico,1
2005,karlw00t,1
2006,manughala,1
2007,adamgoucher,1
2008,marceloavan,1
2009,kankri,1
2010,adamlazz,1
2011,marcinc,1
2012,kalleeh,1
2013,kad3nce,1
2014,adamrhunter,1
2015,Ryanb58,1
2016,Rosseyn,1
2017,aldrinleal,1
2018,rgfindl,1
2019,Maweypeyyu,1
2020,rdelcampog,1
2021,andrewsharon,1
2022,gruebel,1
2023,rednaxelafx,1
2024,reelsense,1
2025,grosser,1
2026,repeatedly,1
2027,res0nance,1
2028,MarcosBernal,1
2029,rgeorgej,1
2030,groodt,1
2031,andrestone,1
2032,rhboyd,1
2033,rherbrich74,1
2034,grettir,1
2035,rib,1
2036,greimela,1
2037,richardmcclellan,1
2038,richiec,1
2039,MaksimAniskov,1
2040,andyj,1
2041,rimutaka,1
2042,anelpere,1
2043,rdas-deloitte,1
2044,rcserafim,1
2045,ha-king,1
2046,MaximOrlovsky,1
2047,qivers,1
2048,hisham,1
2049,r-kapoor,1
2050,raamsy,1
2051,hideokamoto,1
2052,hgschmie,1
2053,raff,1
2054,Nikamura,1
2055,herriojr,1
2056,NickEckert,1
2057,rahulashok,1
2058,rajeshkp,1
2059,Mupico,1
2060,ranguEV3,1
2061,rankinc,1
2062,hcho3,1
2063,MrPowers,1
2064,raphaelmansuy,1
2065,ravi77o,1
2066,hassankhan,1
2067,MisumiRize,1
2068,harshal-shah,1
2069,haojin2,1
2070,M4C4R,1
2071,angelafaithmartin,1
2072,LucioFranco,1
2073,ruankd,1
2074,KevinGrandon,1
2075,ruggerobalteri,1
2076,garithd,1
2077,russellbrooks,1
2078,rutvih,1
2079,rvaralda,1
2080,ryanaustincarlson,1
2081,annacurrey,1
2082,ryanfitz,1
2083,fukata,1
2084,anneschuth,1
2085,ryanshoover,1
2086,forabi,1
2087,ryysud,1
2088,KarthikMAM,1
2089,saks,1
2090,fmechant,1
2091,salmanap,1
2092,florianherrengt,1
2093,firebike,1
2094,samdengler,1
2095,KadoBOT,1
2096,antjori,1
2097,garnertb,1
2098,KupchinskiyVasiliy,1
2099,goughy000,1
2100,garystafford,1
2101,gojko,1
2102,anguslees,1
2103,gleue,1
2104,rmcteggart-r7,1
2105,gkze,1
2106,LucasBadico,1
2107,rnzsgh,1
2108,gkim,1
2109,robins,1
2110,LevineHuang,1
2111,rohitnair,1
2112,rongsaws,1
2113,gjmveloso,1
2114,rosskarchner,1
2115,gitter-badger,1
2116,gitnik,1
2117,girida-amazon,1
2118,LegNeato,1
2119,geekygecko,1
2120,LCHarold,1
2121,aaaaatoz,1
2122,gcampionpae,1
2123,rsolomo,1
2124,homelinen,1
2125,pshevtsov,1
2126,neino3,1
2127,alexjbush,1
2128,nunoh,1
2129,alexgaganov-fiverr,1
2130,jannostern,1
2131,odannyboy000,1
2132,odavid,1
2133,odise,1
2134,ofekray,1
2135,alexherington,1
2136,ohkyutaeknology,1
2137,alexis-turpin-aws,1
2138,okuchere,1
2139,RafaelPlantard,1
2140,homme,1
2141,olga-dorogan,1
2142,jaduffy,1
2143,RaeesBhatti,1
2144,ooookai,1
2145,alextyner,1
2146,orenliber,1
2147,allamand,1
2148,orthographic-pedant,1
2149,oscargws,1
2150,QuinnyPig,1
2151,jack-burridge-tp,1
2152,Rio517,1
2153,RishabhTayal,1
2154,jason-zetaris,1
2155,nrdlngr,1
2156,jdyke,1
2157,newswim,1
2158,nezetic,1
2159,nfvs,1
2160,jdonofrio728,1
2161,jda-dws,1
2162,alemartini,1
2163,jcarey03,1
2164,jbt,1
2165,niklongstone,1
2166,jbnunn,1
2167,nikuyoshi,1
2168,RootG,1
2169,ninetyninenines,1
2170,alexachille,1
2171,jatsrt,1
2172,jasonsteenblik,1
2173,nmeyerhans,1
2174,alexanderromanov,1
2175,nogut0123,1
2176,norris-shelton,1
2177,jasondavis25,1
2178,npeters,1
2179,allisaurus,1
2180,j0lly,1
2181,owilk,1
2182,PatriciaXiao,1
2183,pgjaiganesh,1
2184,pgonzalez-otf,1
2185,andreas-grafberger,1
2186,hvital,1
2187,huyphan,1
2188,OlegZhukov,1
2189,hugoprudente,1
2190,piyushag-aws,1
2191,OdaDaisuke,1
2192,htchaan,1
2193,andreas-marschke,1
2194,hprudent,1
2195,pnwpedro,1
2196,polaskj,1
2197,Observer42,1
2198,hortontp,1
2199,pradovic,1
2200,hoodand,1
2201,O1moore,1
2202,andresmao,1
2203,Nxtra,1
2204,pronevich,1
2205,pronoyroy,1
2206,iMerica,1
2207,iamjarvo,1
2208,alongmuaz,1
2209,pedrofaria,1
2210,alphafoobar,1
2211,itjc,1
2212,pahnev,1
2213,Phrohdoh,1
2214,alrs,1
2215,pall-valmundsson,1
2216,initbar,1
2217,amhinson,1
2218,Pearcekieser,1
2219,amimarkels,1
2220,imcdnzl,1
2221,amyweiyou,1
2222,anatonie,1
2223,pauline-aws,1
2224,ifabijanovic,1
2225,iann0036,1
2226,ianfixes,1
2227,paulu-aws,1
2228,pawellabudafitit,1
2229,payne911,1
2230,pcgeek86,1
2231,pcurry,1
2232,pdepaepe,1
2233,bittlingmayer,1
